x,y,width,height,color
0,0,20,20,"[168, 118, 62, 66]"
0,21,20,20,"[73, 109, 250, 98]"
0,42,20,20,"[143, 219, 70, 86]"
0,63,20,20,"[168, 118, 62, 66]"
0,84,20,20,"[168, 118, 62, 66]"
0,105,20,20,"[143, 219, 70, 86]"
0,126,20,20,"[168, 118, 62, 66]"
0,147,20,20,"[73, 109, 250, 98]"
0,168,20,20,"[73, 109, 250, 98]"
0,189,20,20,"[73, 109, 250, 98]"
0,210,20,20,"[143, 219, 70, 86]"
0,231,20,20,"[73, 109, 250, 98]"
0,252,20,20,"[73, 109, 250, 98]"
0,273,20,20,"[73, 109, 250, 98]"
0,294,20,20,"[143, 219, 70, 86]"
0,315,20,20,"[168, 118, 62, 66]"
0,336,20,20,"[143, 219, 70, 86]"
0,357,20,20,"[73, 109, 250, 98]"
0,378,20,20,"[73, 109, 250, 98]"
0,399,20,20,"[143, 219, 70, 86]"
0,420,20,20,"[168, 118, 62, 66]"
0,441,20,20,"[168, 118, 62, 66]"
0,462,20,20,"[73, 109, 250, 98]"
0,483,20,20,"[168, 118, 62, 66]"
0,504,20,20,"[168, 118, 62, 66]"
0,525,20,20,"[143, 219, 70, 86]"
0,546,20,20,"[143, 219, 70, 86]"
0,567,20,20,"[73, 109, 250, 98]"
0,588,20,20,"[168, 118, 62, 66]"
0,609,20,20,"[73, 109, 250, 98]"
0,630,20,20,"[143, 219, 70, 86]"
0,651,20,20,"[73, 109, 250, 98]"
0,672,20,20,"[73, 109, 250, 98]"
0,693,20,20,"[73, 109, 250, 98]"
0,714,20,20,"[143, 219, 70, 86]"
0,735,20,20,"[168, 118, 62, 66]"
0,756,20,20,"[143, 219, 70, 86]"
0,777,20,20,"[168, 118, 62, 66]"
0,798,20,20,"[73, 109, 250, 98]"
0,819,20,20,"[143, 219, 70, 86]"
0,840,20,20,"[143, 219, 70, 86]"
0,861,20,20,"[168, 118, 62, 66]"
21,0,20,20,"[168, 118, 62, 66]"
21,21,20,20,"[73, 109, 250, 98]"
21,42,20,20,"[73, 109, 250, 98]"
21,63,20,20,"[143, 219, 70, 86]"
21,84,20,20,"[143, 219, 70, 86]"
21,105,20,20,"[73, 109, 250, 98]"
21,126,20,20,"[143, 219, 70, 86]"
21,147,20,20,"[168, 118, 62, 66]"
21,168,20,20,"[168, 118, 62, 66]"
21,189,20,20,"[143, 219, 70, 86]"
21,210,20,20,"[143, 219, 70, 86]"
21,231,20,20,"[143, 219, 70, 86]"
21,252,20,20,"[143, 219, 70, 86]"
21,273,20,20,"[73, 109, 250, 98]"
21,294,20,20,"[168, 118, 62, 66]"
21,315,20,20,"[73, 109, 250, 98]"
21,336,20,20,"[168, 118, 62, 66]"
21,357,20,20,"[73, 109, 250, 98]"
21,378,20,20,"[73, 109, 250, 98]"
21,399,20,20,"[168, 118, 62, 66]"
21,420,20,20,"[143, 219, 70, 86]"
21,441,20,20,"[73, 109, 250, 98]"
21,462,20,20,"[168, 118, 62, 66]"
21,483,20,20,"[143, 219, 70, 86]"
21,504,20,20,"[73, 109, 250, 98]"
21,525,20,20,"[168, 118, 62, 66]"
21,546,20,20,"[143, 219, 70, 86]"
21,567,20,20,"[73, 109, 250, 98]"
21,588,20,20,"[73, 109, 250, 98]"
21,609,20,20,"[143, 219, 70, 86]"
21,630,20,20,"[73, 109, 250, 98]"
21,651,20,20,"[143, 219, 70, 86]"
21,672,20,20,"[143, 219, 70, 86]"
21,693,20,20,"[143, 219, 70, 86]"
21,714,20,20,"[168, 118, 62, 66]"
21,735,20,20,"[73, 109, 250, 98]"
21,756,20,20,"[73, 109, 250, 98]"
21,777,20,20,"[143, 219, 70, 86]"
21,798,20,20,"[73, 109, 250, 98]"
21,819,20,20,"[143, 219, 70, 86]"
21,840,20,20,"[168, 118, 62, 66]"
21,861,20,20,"[73, 109, 250, 98]"
42,0,20,20,"[143, 219, 70, 86]"
42,21,20,20,"[168, 118, 62, 66]"
42,42,20,20,"[143, 219, 70, 86]"
42,63,20,20,"[73, 109, 250, 98]"
42,84,20,20,"[168, 118, 62, 66]"
42,105,20,20,"[143, 219, 70, 86]"
42,126,20,20,"[168, 118, 62, 66]"
42,147,20,20,"[73, 109, 250, 98]"
42,168,20,20,"[73, 109, 250, 98]"
42,189,20,20,"[168, 118, 62, 66]"
42,210,20,20,"[168, 118, 62, 66]"
42,231,20,20,"[73, 109, 250, 98]"
42,252,20,20,"[143, 219, 70, 86]"
42,273,20,20,"[73, 109, 250, 98]"
42,294,20,20,"[73, 109, 250, 98]"
42,315,20,20,"[143, 219, 70, 86]"
42,336,20,20,"[73, 109, 250, 98]"
42,357,20,20,"[73, 109, 250, 98]"
42,378,20,20,"[168, 118, 62, 66]"
42,399,20,20,"[73, 109, 250, 98]"
42,420,20,20,"[168, 118, 62, 66]"
42,441,20,20,"[73, 109, 250, 98]"
42,462,20,20,"[73, 109, 250, 98]"
42,483,20,20,"[168, 118, 62, 66]"
42,504,20,20,"[143, 219, 70, 86]"
42,525,20,20,"[168, 118, 62, 66]"
42,546,20,20,"[143, 219, 70, 86]"
42,567,20,20,"[168, 118, 62, 66]"
42,588,20,20,"[73, 109, 250, 98]"
42,609,20,20,"[168, 118, 62, 66]"
42,630,20,20,"[143, 219, 70, 86]"
42,651,20,20,"[168, 118, 62, 66]"
42,672,20,20,"[168, 118, 62, 66]"
42,693,20,20,"[143, 219, 70, 86]"
42,714,20,20,"[73, 109, 250, 98]"
42,735,20,20,"[168, 118, 62, 66]"
42,756,20,20,"[73, 109, 250, 98]"
42,777,20,20,"[168, 118, 62, 66]"
42,798,20,20,"[143, 219, 70, 86]"
42,819,20,20,"[143, 219, 70, 86]"
42,840,20,20,"[168, 118, 62, 66]"
42,861,20,20,"[168, 118, 62, 66]"
63,0,20,20,"[73, 109, 250, 98]"
63,21,20,20,"[73, 109, 250, 98]"
63,42,20,20,"[168, 118, 62, 66]"
63,63,20,20,"[143, 219, 70, 86]"
63,84,20,20,"[143, 219, 70, 86]"
63,105,20,20,"[143, 219, 70, 86]"
63,126,20,20,"[143, 219, 70, 86]"
63,147,20,20,"[73, 109, 250, 98]"
63,168,20,20,"[168, 118, 62, 66]"
63,189,20,20,"[168, 118, 62, 66]"
63,210,20,20,"[143, 219, 70, 86]"
63,231,20,20,"[168, 118, 62, 66]"
63,252,20,20,"[73, 109, 250, 98]"
63,273,20,20,"[168, 118, 62, 66]"
63,294,20,20,"[73, 109, 250, 98]"
63,315,20,20,"[168, 118, 62, 66]"
63,336,20,20,"[168, 118, 62, 66]"
63,357,20,20,"[143, 219, 70, 86]"
63,378,20,20,"[73, 109, 250, 98]"
63,399,20,20,"[168, 118, 62, 66]"
63,420,20,20,"[168, 118, 62, 66]"
63,441,20,20,"[143, 219, 70, 86]"
63,462,20,20,"[143, 219, 70, 86]"
63,483,20,20,"[143, 219, 70, 86]"
63,504,20,20,"[143, 219, 70, 86]"
63,525,20,20,"[143, 219, 70, 86]"
63,546,20,20,"[168, 118, 62, 66]"
63,567,20,20,"[143, 219, 70, 86]"
63,588,20,20,"[168, 118, 62, 66]"
63,609,20,20,"[73, 109, 250, 98]"
63,630,20,20,"[73, 109, 250, 98]"
63,651,20,20,"[168, 118, 62, 66]"
63,672,20,20,"[143, 219, 70, 86]"
63,693,20,20,"[168, 118, 62, 66]"
63,714,20,20,"[73, 109, 250, 98]"
63,735,20,20,"[143, 219, 70, 86]"
63,756,20,20,"[73, 109, 250, 98]"
63,777,20,20,"[143, 219, 70, 86]"
63,798,20,20,"[168, 118, 62, 66]"
63,819,20,20,"[143, 219, 70, 86]"
63,840,20,20,"[73, 109, 250, 98]"
63,861,20,20,"[73, 109, 250, 98]"
84,0,20,20,"[73, 109, 250, 98]"
84,21,20,20,"[168, 118, 62, 66]"
84,42,20,20,"[143, 219, 70, 86]"
84,63,20,20,"[143, 219, 70, 86]"
84,84,20,20,"[73, 109, 250, 98]"
84,105,20,20,"[168, 118, 62, 66]"
84,126,20,20,"[73, 109, 250, 98]"
84,147,20,20,"[73, 109, 250, 98]"
84,168,20,20,"[168, 118, 62, 66]"
84,189,20,20,"[143, 219, 70, 86]"
84,210,20,20,"[73, 109, 250, 98]"
84,231,20,20,"[168, 118, 62, 66]"
84,252,20,20,"[168, 118, 62, 66]"
84,273,20,20,"[143, 219, 70, 86]"
84,294,20,20,"[168, 118, 62, 66]"
84,315,20,20,"[143, 219, 70, 86]"
84,336,20,20,"[73, 109, 250, 98]"
84,357,20,20,"[143, 219, 70, 86]"
84,378,20,20,"[143, 219, 70, 86]"
84,399,20,20,"[143, 219, 70, 86]"
84,420,20,20,"[143, 219, 70, 86]"
84,441,20,20,"[73, 109, 250, 98]"
84,462,20,20,"[168, 118, 62, 66]"
84,483,20,20,"[168, 118, 62, 66]"
84,504,20,20,"[143, 219, 70, 86]"
84,525,20,20,"[168, 118, 62, 66]"
84,546,20,20,"[143, 219, 70, 86]"
84,567,20,20,"[168, 118, 62, 66]"
84,588,20,20,"[168, 118, 62, 66]"
84,609,20,20,"[143, 219, 70, 86]"
84,630,20,20,"[73, 109, 250, 98]"
84,651,20,20,"[168, 118, 62, 66]"
84,672,20,20,"[143, 219, 70, 86]"
84,693,20,20,"[143, 219, 70, 86]"
84,714,20,20,"[168, 118, 62, 66]"
84,735,20,20,"[73, 109, 250, 98]"
84,756,20,20,"[73, 109, 250, 98]"
84,777,20,20,"[73, 109, 250, 98]"
84,798,20,20,"[168, 118, 62, 66]"
84,819,20,20,"[73, 109, 250, 98]"
84,840,20,20,"[168, 118, 62, 66]"
84,861,20,20,"[143, 219, 70, 86]"
105,0,20,20,"[73, 109, 250, 98]"
105,21,20,20,"[73, 109, 250, 98]"
105,42,20,20,"[168, 118, 62, 66]"
105,63,20,20,"[143, 219, 70, 86]"
105,84,20,20,"[73, 109, 250, 98]"
105,105,20,20,"[168, 118, 62, 66]"
105,126,20,20,"[73, 109, 250, 98]"
105,147,20,20,"[143, 219, 70, 86]"
105,168,20,20,"[168, 118, 62, 66]"
105,189,20,20,"[168, 118, 62, 66]"
105,210,20,20,"[73, 109, 250, 98]"
105,231,20,20,"[168, 118, 62, 66]"
105,252,20,20,"[168, 118, 62, 66]"
105,273,20,20,"[168, 118, 62, 66]"
105,294,20,20,"[73, 109, 250, 98]"
105,315,20,20,"[143, 219, 70, 86]"
105,336,20,20,"[143, 219, 70, 86]"
105,357,20,20,"[73, 109, 250, 98]"
105,378,20,20,"[168, 118, 62, 66]"
105,399,20,20,"[143, 219, 70, 86]"
105,420,20,20,"[143, 219, 70, 86]"
105,441,20,20,"[143, 219, 70, 86]"
105,462,20,20,"[143, 219, 70, 86]"
105,483,20,20,"[73, 109, 250, 98]"
105,504,20,20,"[168, 118, 62, 66]"
105,525,20,20,"[143, 219, 70, 86]"
105,546,20,20,"[168, 118, 62, 66]"
105,567,20,20,"[143, 219, 70, 86]"
105,588,20,20,"[143, 219, 70, 86]"
105,609,20,20,"[143, 219, 70, 86]"
105,630,20,20,"[73, 109, 250, 98]"
105,651,20,20,"[143, 219, 70, 86]"
105,672,20,20,"[168, 118, 62, 66]"
105,693,20,20,"[143, 219, 70, 86]"
105,714,20,20,"[168, 118, 62, 66]"
105,735,20,20,"[73, 109, 250, 98]"
105,756,20,20,"[73, 109, 250, 98]"
105,777,20,20,"[73, 109, 250, 98]"
105,798,20,20,"[73, 109, 250, 98]"
105,819,20,20,"[143, 219, 70, 86]"
105,840,20,20,"[168, 118, 62, 66]"
105,861,20,20,"[73, 109, 250, 98]"
126,0,20,20,"[143, 219, 70, 86]"
126,21,20,20,"[143, 219, 70, 86]"
126,42,20,20,"[73, 109, 250, 98]"
126,63,20,20,"[73, 109, 250, 98]"
126,84,20,20,"[143, 219, 70, 86]"
126,105,20,20,"[168, 118, 62, 66]"
126,126,20,20,"[73, 109, 250, 98]"
126,147,20,20,"[73, 109, 250, 98]"
126,168,20,20,"[168, 118, 62, 66]"
126,189,20,20,"[143, 219, 70, 86]"
126,210,20,20,"[143, 219, 70, 86]"
126,231,20,20,"[73, 109, 250, 98]"
126,252,20,20,"[143, 219, 70, 86]"
126,273,20,20,"[73, 109, 250, 98]"
126,294,20,20,"[168, 118, 62, 66]"
126,315,20,20,"[73, 109, 250, 98]"
126,336,20,20,"[168, 118, 62, 66]"
126,357,20,20,"[73, 109, 250, 98]"
126,378,20,20,"[143, 219, 70, 86]"
126,399,20,20,"[143, 219, 70, 86]"
126,420,20,20,"[168, 118, 62, 66]"
126,441,20,20,"[168, 118, 62, 66]"
126,462,20,20,"[168, 118, 62, 66]"
126,483,20,20,"[168, 118, 62, 66]"
126,504,20,20,"[143, 219, 70, 86]"
126,525,20,20,"[143, 219, 70, 86]"
126,546,20,20,"[168, 118, 62, 66]"
126,567,20,20,"[73, 109, 250, 98]"
126,588,20,20,"[143, 219, 70, 86]"
126,609,20,20,"[73, 109, 250, 98]"
126,630,20,20,"[143, 219, 70, 86]"
126,651,20,20,"[168, 118, 62, 66]"
126,672,20,20,"[73, 109, 250, 98]"
126,693,20,20,"[73, 109, 250, 98]"
126,714,20,20,"[143, 219, 70, 86]"
126,735,20,20,"[143, 219, 70, 86]"
126,756,20,20,"[168, 118, 62, 66]"
126,777,20,20,"[73, 109, 250, 98]"
126,798,20,20,"[168, 118, 62, 66]"
126,819,20,20,"[168, 118, 62, 66]"
126,840,20,20,"[168, 118, 62, 66]"
126,861,20,20,"[143, 219, 70, 86]"
147,0,20,20,"[143, 219, 70, 86]"
147,21,20,20,"[143, 219, 70, 86]"
147,42,20,20,"[73, 109, 250, 98]"
147,63,20,20,"[73, 109, 250, 98]"
147,84,20,20,"[143, 219, 70, 86]"
147,105,20,20,"[73, 109, 250, 98]"
147,126,20,20,"[73, 109, 250, 98]"
147,147,20,20,"[143, 219, 70, 86]"
147,168,20,20,"[168, 118, 62, 66]"
147,189,20,20,"[73, 109, 250, 98]"
147,210,20,20,"[73, 109, 250, 98]"
147,231,20,20,"[143, 219, 70, 86]"
147,252,20,20,"[143, 219, 70, 86]"
147,273,20,20,"[168, 118, 62, 66]"
147,294,20,20,"[143, 219, 70, 86]"
147,315,20,20,"[143, 219, 70, 86]"
147,336,20,20,"[143, 219, 70, 86]"
147,357,20,20,"[168, 118, 62, 66]"
147,378,20,20,"[168, 118, 62, 66]"
147,399,20,20,"[168, 118, 62, 66]"
147,420,20,20,"[168, 118, 62, 66]"
147,441,20,20,"[168, 118, 62, 66]"
147,462,20,20,"[73, 109, 250, 98]"
147,483,20,20,"[168, 118, 62, 66]"
147,504,20,20,"[143, 219, 70, 86]"
147,525,20,20,"[73, 109, 250, 98]"
147,546,20,20,"[143, 219, 70, 86]"
147,567,20,20,"[143, 219, 70, 86]"
147,588,20,20,"[168, 118, 62, 66]"
147,609,20,20,"[73, 109, 250, 98]"
147,630,20,20,"[168, 118, 62, 66]"
147,651,20,20,"[168, 118, 62, 66]"
147,672,20,20,"[168, 118, 62, 66]"
147,693,20,20,"[168, 118, 62, 66]"
147,714,20,20,"[168, 118, 62, 66]"
147,735,20,20,"[168, 118, 62, 66]"
147,756,20,20,"[143, 219, 70, 86]"
147,777,20,20,"[168, 118, 62, 66]"
147,798,20,20,"[168, 118, 62, 66]"
147,819,20,20,"[73, 109, 250, 98]"
147,840,20,20,"[73, 109, 250, 98]"
147,861,20,20,"[143, 219, 70, 86]"
168,0,20,20,"[73, 109, 250, 98]"
168,21,20,20,"[143, 219, 70, 86]"
168,42,20,20,"[73, 109, 250, 98]"
168,63,20,20,"[143, 219, 70, 86]"
168,84,20,20,"[168, 118, 62, 66]"
168,105,20,20,"[143, 219, 70, 86]"
168,126,20,20,"[168, 118, 62, 66]"
168,147,20,20,"[73, 109, 250, 98]"
168,168,20,20,"[143, 219, 70, 86]"
168,189,20,20,"[168, 118, 62, 66]"
168,210,20,20,"[143, 219, 70, 86]"
168,231,20,20,"[168, 118, 62, 66]"
168,252,20,20,"[168, 118, 62, 66]"
168,273,20,20,"[143, 219, 70, 86]"
168,294,20,20,"[143, 219, 70, 86]"
168,315,20,20,"[143, 219, 70, 86]"
168,336,20,20,"[143, 219, 70, 86]"
168,357,20,20,"[73, 109, 250, 98]"
168,378,20,20,"[168, 118, 62, 66]"
168,399,20,20,"[73, 109, 250, 98]"
168,420,20,20,"[168, 118, 62, 66]"
168,441,20,20,"[143, 219, 70, 86]"
168,462,20,20,"[73, 109, 250, 98]"
168,483,20,20,"[168, 118, 62, 66]"
168,504,20,20,"[73, 109, 250, 98]"
168,525,20,20,"[168, 118, 62, 66]"
168,546,20,20,"[73, 109, 250, 98]"
168,567,20,20,"[73, 109, 250, 98]"
168,588,20,20,"[73, 109, 250, 98]"
168,609,20,20,"[73, 109, 250, 98]"
168,630,20,20,"[73, 109, 250, 98]"
168,651,20,20,"[73, 109, 250, 98]"
168,672,20,20,"[73, 109, 250, 98]"
168,693,20,20,"[73, 109, 250, 98]"
168,714,20,20,"[73, 109, 250, 98]"
168,735,20,20,"[143, 219, 70, 86]"
168,756,20,20,"[143, 219, 70, 86]"
168,777,20,20,"[143, 219, 70, 86]"
168,798,20,20,"[168, 118, 62, 66]"
168,819,20,20,"[168, 118, 62, 66]"
168,840,20,20,"[73, 109, 250, 98]"
168,861,20,20,"[168, 118, 62, 66]"
189,0,20,20,"[168, 118, 62, 66]"
189,21,20,20,"[73, 109, 250, 98]"
189,42,20,20,"[143, 219, 70, 86]"
189,63,20,20,"[168, 118, 62, 66]"
189,84,20,20,"[168, 118, 62, 66]"
189,105,20,20,"[143, 219, 70, 86]"
189,126,20,20,"[73, 109, 250, 98]"
189,147,20,20,"[168, 118, 62, 66]"
189,168,20,20,"[143, 219, 70, 86]"
189,189,20,20,"[168, 118, 62, 66]"
189,210,20,20,"[143, 219, 70, 86]"
189,231,20,20,"[143, 219, 70, 86]"
189,252,20,20,"[168, 118, 62, 66]"
189,273,20,20,"[73, 109, 250, 98]"
189,294,20,20,"[143, 219, 70, 86]"
189,315,20,20,"[73, 109, 250, 98]"
189,336,20,20,"[168, 118, 62, 66]"
189,357,20,20,"[73, 109, 250, 98]"
189,378,20,20,"[143, 219, 70, 86]"
189,399,20,20,"[143, 219, 70, 86]"
189,420,20,20,"[73, 109, 250, 98]"
189,441,20,20,"[143, 219, 70, 86]"
189,462,20,20,"[73, 109, 250, 98]"
189,483,20,20,"[73, 109, 250, 98]"
189,504,20,20,"[168, 118, 62, 66]"
189,525,20,20,"[168, 118, 62, 66]"
189,546,20,20,"[143, 219, 70, 86]"
189,567,20,20,"[168, 118, 62, 66]"
189,588,20,20,"[168, 118, 62, 66]"
189,609,20,20,"[143, 219, 70, 86]"
189,630,20,20,"[143, 219, 70, 86]"
189,651,20,20,"[168, 118, 62, 66]"
189,672,20,20,"[73, 109, 250, 98]"
189,693,20,20,"[143, 219, 70, 86]"
189,714,20,20,"[73, 109, 250, 98]"
189,735,20,20,"[73, 109, 250, 98]"
189,756,20,20,"[73, 109, 250, 98]"
189,777,20,20,"[143, 219, 70, 86]"
189,798,20,20,"[143, 219, 70, 86]"
189,819,20,20,"[168, 118, 62, 66]"
189,840,20,20,"[73, 109, 250, 98]"
189,861,20,20,"[143, 219, 70, 86]"
210,0,20,20,"[168, 118, 62, 66]"
210,21,20,20,"[73, 109, 250, 98]"
210,42,20,20,"[73, 109, 250, 98]"
210,63,20,20,"[168, 118, 62, 66]"
210,84,20,20,"[73, 109, 250, 98]"
210,105,20,20,"[168, 118, 62, 66]"
210,126,20,20,"[143, 219, 70, 86]"
210,147,20,20,"[73, 109, 250, 98]"
210,168,20,20,"[168, 118, 62, 66]"
210,189,20,20,"[168, 118, 62, 66]"
210,210,20,20,"[73, 109, 250, 98]"
210,231,20,20,"[143, 219, 70, 86]"
210,252,20,20,"[73, 109, 250, 98]"
210,273,20,20,"[73, 109, 250, 98]"
210,294,20,20,"[73, 109, 250, 98]"
210,315,20,20,"[168, 118, 62, 66]"
210,336,20,20,"[168, 118, 62, 66]"
210,357,20,20,"[143, 219, 70, 86]"
210,378,20,20,"[73, 109, 250, 98]"
210,399,20,20,"[143, 219, 70, 86]"
210,420,20,20,"[168, 118, 62, 66]"
210,441,20,20,"[143, 219, 70, 86]"
210,462,20,20,"[168, 118, 62, 66]"
210,483,20,20,"[143, 219, 70, 86]"
210,504,20,20,"[143, 219, 70, 86]"
210,525,20,20,"[168, 118, 62, 66]"
210,546,20,20,"[73, 109, 250, 98]"
210,567,20,20,"[143, 219, 70, 86]"
210,588,20,20,"[143, 219, 70, 86]"
210,609,20,20,"[73, 109, 250, 98]"
210,630,20,20,"[73, 109, 250, 98]"
210,651,20,20,"[168, 118, 62, 66]"
210,672,20,20,"[168, 118, 62, 66]"
210,693,20,20,"[73, 109, 250, 98]"
210,714,20,20,"[168, 118, 62, 66]"
210,735,20,20,"[168, 118, 62, 66]"
210,756,20,20,"[168, 118, 62, 66]"
210,777,20,20,"[168, 118, 62, 66]"
210,798,20,20,"[73, 109, 250, 98]"
210,819,20,20,"[143, 219, 70, 86]"
210,840,20,20,"[143, 219, 70, 86]"
210,861,20,20,"[168, 118, 62, 66]"
231,0,20,20,"[168, 118, 62, 66]"
231,21,20,20,"[168, 118, 62, 66]"
231,42,20,20,"[168, 118, 62, 66]"
231,63,20,20,"[73, 109, 250, 98]"
231,84,20,20,"[168, 118, 62, 66]"
231,105,20,20,"[168, 118, 62, 66]"
231,126,20,20,"[168, 118, 62, 66]"
231,147,20,20,"[143, 219, 70, 86]"
231,168,20,20,"[73, 109, 250, 98]"
231,189,20,20,"[73, 109, 250, 98]"
231,210,20,20,"[168, 118, 62, 66]"
231,231,20,20,"[73, 109, 250, 98]"
231,252,20,20,"[168, 118, 62, 66]"
231,273,20,20,"[168, 118, 62, 66]"
231,294,20,20,"[143, 219, 70, 86]"
231,315,20,20,"[168, 118, 62, 66]"
231,336,20,20,"[73, 109, 250, 98]"
231,357,20,20,"[73, 109, 250, 98]"
231,378,20,20,"[143, 219, 70, 86]"
231,399,20,20,"[73, 109, 250, 98]"
231,420,20,20,"[143, 219, 70, 86]"
231,441,20,20,"[73, 109, 250, 98]"
231,462,20,20,"[143, 219, 70, 86]"
231,483,20,20,"[168, 118, 62, 66]"
231,504,20,20,"[143, 219, 70, 86]"
231,525,20,20,"[143, 219, 70, 86]"
231,546,20,20,"[143, 219, 70, 86]"
231,567,20,20,"[143, 219, 70, 86]"
231,588,20,20,"[73, 109, 250, 98]"
231,609,20,20,"[73, 109, 250, 98]"
231,630,20,20,"[143, 219, 70, 86]"
231,651,20,20,"[143, 219, 70, 86]"
231,672,20,20,"[143, 219, 70, 86]"
231,693,20,20,"[143, 219, 70, 86]"
231,714,20,20,"[168, 118, 62, 66]"
231,735,20,20,"[143, 219, 70, 86]"
231,756,20,20,"[73, 109, 250, 98]"
231,777,20,20,"[73, 109, 250, 98]"
231,798,20,20,"[168, 118, 62, 66]"
231,819,20,20,"[143, 219, 70, 86]"
231,840,20,20,"[73, 109, 250, 98]"
231,861,20,20,"[143, 219, 70, 86]"
252,0,20,20,"[143, 219, 70, 86]"
252,21,20,20,"[73, 109, 250, 98]"
252,42,20,20,"[73, 109, 250, 98]"
252,63,20,20,"[143, 219, 70, 86]"
252,84,20,20,"[143, 219, 70, 86]"
252,105,20,20,"[168, 118, 62, 66]"
252,126,20,20,"[73, 109, 250, 98]"
252,147,20,20,"[73, 109, 250, 98]"
252,168,20,20,"[73, 109, 250, 98]"
252,189,20,20,"[73, 109, 250, 98]"
252,210,20,20,"[73, 109, 250, 98]"
252,231,20,20,"[168, 118, 62, 66]"
252,252,20,20,"[73, 109, 250, 98]"
252,273,20,20,"[73, 109, 250, 98]"
252,294,20,20,"[168, 118, 62, 66]"
252,315,20,20,"[168, 118, 62, 66]"
252,336,20,20,"[143, 219, 70, 86]"
252,357,20,20,"[73, 109, 250, 98]"
252,378,20,20,"[73, 109, 250, 98]"
252,399,20,20,"[168, 118, 62, 66]"
252,420,20,20,"[73, 109, 250, 98]"
252,441,20,20,"[168, 118, 62, 66]"
252,462,20,20,"[73, 109, 250, 98]"
252,483,20,20,"[73, 109, 250, 98]"
252,504,20,20,"[73, 109, 250, 98]"
252,525,20,20,"[168, 118, 62, 66]"
252,546,20,20,"[143, 219, 70, 86]"
252,567,20,20,"[168, 118, 62, 66]"
252,588,20,20,"[73, 109, 250, 98]"
252,609,20,20,"[168, 118, 62, 66]"
252,630,20,20,"[168, 118, 62, 66]"
252,651,20,20,"[168, 118, 62, 66]"
252,672,20,20,"[168, 118, 62, 66]"
252,693,20,20,"[73, 109, 250, 98]"
252,714,20,20,"[143, 219, 70, 86]"
252,735,20,20,"[168, 118, 62, 66]"
252,756,20,20,"[143, 219, 70, 86]"
252,777,20,20,"[73, 109, 250, 98]"
252,798,20,20,"[73, 109, 250, 98]"
252,819,20,20,"[168, 118, 62, 66]"
252,840,20,20,"[73, 109, 250, 98]"
252,861,20,20,"[143, 219, 70, 86]"
273,0,20,20,"[73, 109, 250, 98]"
273,21,20,20,"[73, 109, 250, 98]"
273,42,20,20,"[168, 118, 62, 66]"
273,63,20,20,"[143, 219, 70, 86]"
273,84,20,20,"[143, 219, 70, 86]"
273,105,20,20,"[143, 219, 70, 86]"
273,126,20,20,"[168, 118, 62, 66]"
273,147,20,20,"[73, 109, 250, 98]"
273,168,20,20,"[143, 219, 70, 86]"
273,189,20,20,"[168, 118, 62, 66]"
273,210,20,20,"[143, 219, 70, 86]"
273,231,20,20,"[168, 118, 62, 66]"
273,252,20,20,"[73, 109, 250, 98]"
273,273,20,20,"[73, 109, 250, 98]"
273,294,20,20,"[168, 118, 62, 66]"
273,315,20,20,"[73, 109, 250, 98]"
273,336,20,20,"[168, 118, 62, 66]"
273,357,20,20,"[168, 118, 62, 66]"
273,378,20,20,"[143, 219, 70, 86]"
273,399,20,20,"[143, 219, 70, 86]"
273,420,20,20,"[73, 109, 250, 98]"
273,441,20,20,"[168, 118, 62, 66]"
273,462,20,20,"[143, 219, 70, 86]"
273,483,20,20,"[143, 219, 70, 86]"
273,504,20,20,"[168, 118, 62, 66]"
273,525,20,20,"[168, 118, 62, 66]"
273,546,20,20,"[143, 219, 70, 86]"
273,567,20,20,"[73, 109, 250, 98]"
273,588,20,20,"[73, 109, 250, 98]"
273,609,20,20,"[168, 118, 62, 66]"
273,630,20,20,"[143, 219, 70, 86]"
273,651,20,20,"[143, 219, 70, 86]"
273,672,20,20,"[143, 219, 70, 86]"
273,693,20,20,"[73, 109, 250, 98]"
273,714,20,20,"[168, 118, 62, 66]"
273,735,20,20,"[143, 219, 70, 86]"
273,756,20,20,"[143, 219, 70, 86]"
273,777,20,20,"[168, 118, 62, 66]"
273,798,20,20,"[143, 219, 70, 86]"
273,819,20,20,"[73, 109, 250, 98]"
273,840,20,20,"[73, 109, 250, 98]"
273,861,20,20,"[168, 118, 62, 66]"
294,0,20,20,"[73, 109, 250, 98]"
294,21,20,20,"[143, 219, 70, 86]"
294,42,20,20,"[168, 118, 62, 66]"
294,63,20,20,"[73, 109, 250, 98]"
294,84,20,20,"[143, 219, 70, 86]"
294,105,20,20,"[168, 118, 62, 66]"
294,126,20,20,"[73, 109, 250, 98]"
294,147,20,20,"[143, 219, 70, 86]"
294,168,20,20,"[73, 109, 250, 98]"
294,189,20,20,"[143, 219, 70, 86]"
294,210,20,20,"[73, 109, 250, 98]"
294,231,20,20,"[73, 109, 250, 98]"
294,252,20,20,"[168, 118, 62, 66]"
294,273,20,20,"[143, 219, 70, 86]"
294,294,20,20,"[73, 109, 250, 98]"
294,315,20,20,"[143, 219, 70, 86]"
294,336,20,20,"[168, 118, 62, 66]"
294,357,20,20,"[143, 219, 70, 86]"
294,378,20,20,"[143, 219, 70, 86]"
294,399,20,20,"[168, 118, 62, 66]"
294,420,20,20,"[143, 219, 70, 86]"
294,441,20,20,"[73, 109, 250, 98]"
294,462,20,20,"[143, 219, 70, 86]"
294,483,20,20,"[143, 219, 70, 86]"
294,504,20,20,"[73, 109, 250, 98]"
294,525,20,20,"[143, 219, 70, 86]"
294,546,20,20,"[168, 118, 62, 66]"
294,567,20,20,"[143, 219, 70, 86]"
294,588,20,20,"[143, 219, 70, 86]"
294,609,20,20,"[143, 219, 70, 86]"
294,630,20,20,"[143, 219, 70, 86]"
294,651,20,20,"[73, 109, 250, 98]"
294,672,20,20,"[73, 109, 250, 98]"
294,693,20,20,"[73, 109, 250, 98]"
294,714,20,20,"[168, 118, 62, 66]"
294,735,20,20,"[168, 118, 62, 66]"
294,756,20,20,"[143, 219, 70, 86]"
294,777,20,20,"[168, 118, 62, 66]"
294,798,20,20,"[143, 219, 70, 86]"
294,819,20,20,"[73, 109, 250, 98]"
294,840,20,20,"[73, 109, 250, 98]"
294,861,20,20,"[143, 219, 70, 86]"
315,0,20,20,"[143, 219, 70, 86]"
315,21,20,20,"[73, 109, 250, 98]"
315,42,20,20,"[73, 109, 250, 98]"
315,63,20,20,"[73, 109, 250, 98]"
315,84,20,20,"[73, 109, 250, 98]"
315,105,20,20,"[73, 109, 250, 98]"
315,126,20,20,"[73, 109, 250, 98]"
315,147,20,20,"[168, 118, 62, 66]"
315,168,20,20,"[168, 118, 62, 66]"
315,189,20,20,"[143, 219, 70, 86]"
315,210,20,20,"[168, 118, 62, 66]"
315,231,20,20,"[73, 109, 250, 98]"
315,252,20,20,"[143, 219, 70, 86]"
315,273,20,20,"[73, 109, 250, 98]"
315,294,20,20,"[73, 109, 250, 98]"
315,315,20,20,"[73, 109, 250, 98]"
315,336,20,20,"[168, 118, 62, 66]"
315,357,20,20,"[73, 109, 250, 98]"
315,378,20,20,"[143, 219, 70, 86]"
315,399,20,20,"[168, 118, 62, 66]"
315,420,20,20,"[73, 109, 250, 98]"
315,441,20,20,"[143, 219, 70, 86]"
315,462,20,20,"[168, 118, 62, 66]"
315,483,20,20,"[143, 219, 70, 86]"
315,504,20,20,"[143, 219, 70, 86]"
315,525,20,20,"[73, 109, 250, 98]"
315,546,20,20,"[143, 219, 70, 86]"
315,567,20,20,"[143, 219, 70, 86]"
315,588,20,20,"[73, 109, 250, 98]"
315,609,20,20,"[143, 219, 70, 86]"
315,630,20,20,"[73, 109, 250, 98]"
315,651,20,20,"[73, 109, 250, 98]"
315,672,20,20,"[73, 109, 250, 98]"
315,693,20,20,"[143, 219, 70, 86]"
315,714,20,20,"[168, 118, 62, 66]"
315,735,20,20,"[168, 118, 62, 66]"
315,756,20,20,"[168, 118, 62, 66]"
315,777,20,20,"[73, 109, 250, 98]"
315,798,20,20,"[73, 109, 250, 98]"
315,819,20,20,"[143, 219, 70, 86]"
315,840,20,20,"[73, 109, 250, 98]"
315,861,20,20,"[73, 109, 250, 98]"
336,0,20,20,"[168, 118, 62, 66]"
336,21,20,20,"[143, 219, 70, 86]"
336,42,20,20,"[143, 219, 70, 86]"
336,63,20,20,"[73, 109, 250, 98]"
336,84,20,20,"[143, 219, 70, 86]"
336,105,20,20,"[143, 219, 70, 86]"
336,126,20,20,"[168, 118, 62, 66]"
336,147,20,20,"[168, 118, 62, 66]"
336,168,20,20,"[168, 118, 62, 66]"
336,189,20,20,"[73, 109, 250, 98]"
336,210,20,20,"[73, 109, 250, 98]"
336,231,20,20,"[73, 109, 250, 98]"
336,252,20,20,"[168, 118, 62, 66]"
336,273,20,20,"[73, 109, 250, 98]"
336,294,20,20,"[168, 118, 62, 66]"
336,315,20,20,"[73, 109, 250, 98]"
336,336,20,20,"[168, 118, 62, 66]"
336,357,20,20,"[168, 118, 62, 66]"
336,378,20,20,"[168, 118, 62, 66]"
336,399,20,20,"[73, 109, 250, 98]"
336,420,20,20,"[143, 219, 70, 86]"
336,441,20,20,"[143, 219, 70, 86]"
336,462,20,20,"[73, 109, 250, 98]"
336,483,20,20,"[73, 109, 250, 98]"
336,504,20,20,"[143, 219, 70, 86]"
336,525,20,20,"[73, 109, 250, 98]"
336,546,20,20,"[73, 109, 250, 98]"
336,567,20,20,"[168, 118, 62, 66]"
336,588,20,20,"[168, 118, 62, 66]"
336,609,20,20,"[73, 109, 250, 98]"
336,630,20,20,"[168, 118, 62, 66]"
336,651,20,20,"[143, 219, 70, 86]"
336,672,20,20,"[168, 118, 62, 66]"
336,693,20,20,"[168, 118, 62, 66]"
336,714,20,20,"[143, 219, 70, 86]"
336,735,20,20,"[168, 118, 62, 66]"
336,756,20,20,"[73, 109, 250, 98]"
336,777,20,20,"[73, 109, 250, 98]"
336,798,20,20,"[168, 118, 62, 66]"
336,819,20,20,"[73, 109, 250, 98]"
336,840,20,20,"[143, 219, 70, 86]"
336,861,20,20,"[73, 109, 250, 98]"
357,0,20,20,"[168, 118, 62, 66]"
357,21,20,20,"[143, 219, 70, 86]"
357,42,20,20,"[143, 219, 70, 86]"
357,63,20,20,"[168, 118, 62, 66]"
357,84,20,20,"[143, 219, 70, 86]"
357,105,20,20,"[73, 109, 250, 98]"
357,126,20,20,"[143, 219, 70, 86]"
357,147,20,20,"[168, 118, 62, 66]"
357,168,20,20,"[168, 118, 62, 66]"
357,189,20,20,"[168, 118, 62, 66]"
357,210,20,20,"[73, 109, 250, 98]"
357,231,20,20,"[168, 118, 62, 66]"
357,252,20,20,"[73, 109, 250, 98]"
357,273,20,20,"[73, 109, 250, 98]"
357,294,20,20,"[143, 219, 70, 86]"
357,315,20,20,"[168, 118, 62, 66]"
357,336,20,20,"[168, 118, 62, 66]"
357,357,20,20,"[73, 109, 250, 98]"
357,378,20,20,"[168, 118, 62, 66]"
357,399,20,20,"[73, 109, 250, 98]"
357,420,20,20,"[143, 219, 70, 86]"
357,441,20,20,"[168, 118, 62, 66]"
357,462,20,20,"[73, 109, 250, 98]"
357,483,20,20,"[168, 118, 62, 66]"
357,504,20,20,"[168, 118, 62, 66]"
357,525,20,20,"[143, 219, 70, 86]"
357,546,20,20,"[73, 109, 250, 98]"
357,567,20,20,"[168, 118, 62, 66]"
357,588,20,20,"[73, 109, 250, 98]"
357,609,20,20,"[143, 219, 70, 86]"
357,630,20,20,"[143, 219, 70, 86]"
357,651,20,20,"[73, 109, 250, 98]"
357,672,20,20,"[168, 118, 62, 66]"
357,693,20,20,"[143, 219, 70, 86]"
357,714,20,20,"[73, 109, 250, 98]"
357,735,20,20,"[168, 118, 62, 66]"
357,756,20,20,"[143, 219, 70, 86]"
357,777,20,20,"[73, 109, 250, 98]"
357,798,20,20,"[143, 219, 70, 86]"
357,819,20,20,"[73, 109, 250, 98]"
357,840,20,20,"[143, 219, 70, 86]"
357,861,20,20,"[73, 109, 250, 98]"
378,0,20,20,"[168, 118, 62, 66]"
378,21,20,20,"[168, 118, 62, 66]"
378,42,20,20,"[73, 109, 250, 98]"
378,63,20,20,"[168, 118, 62, 66]"
378,84,20,20,"[73, 109, 250, 98]"
378,105,20,20,"[143, 219, 70, 86]"
378,126,20,20,"[168, 118, 62, 66]"
378,147,20,20,"[168, 118, 62, 66]"
378,168,20,20,"[143, 219, 70, 86]"
378,189,20,20,"[143, 219, 70, 86]"
378,210,20,20,"[73, 109, 250, 98]"
378,231,20,20,"[73, 109, 250, 98]"
378,252,20,20,"[143, 219, 70, 86]"
378,273,20,20,"[168, 118, 62, 66]"
378,294,20,20,"[73, 109, 250, 98]"
378,315,20,20,"[143, 219, 70, 86]"
378,336,20,20,"[143, 219, 70, 86]"
378,357,20,20,"[168, 118, 62, 66]"
378,378,20,20,"[73, 109, 250, 98]"
378,399,20,20,"[73, 109, 250, 98]"
378,420,20,20,"[168, 118, 62, 66]"
378,441,20,20,"[143, 219, 70, 86]"
378,462,20,20,"[168, 118, 62, 66]"
378,483,20,20,"[73, 109, 250, 98]"
378,504,20,20,"[73, 109, 250, 98]"
378,525,20,20,"[73, 109, 250, 98]"
378,546,20,20,"[143, 219, 70, 86]"
378,567,20,20,"[168, 118, 62, 66]"
378,588,20,20,"[168, 118, 62, 66]"
378,609,20,20,"[143, 219, 70, 86]"
378,630,20,20,"[143, 219, 70, 86]"
378,651,20,20,"[143, 219, 70, 86]"
378,672,20,20,"[143, 219, 70, 86]"
378,693,20,20,"[143, 219, 70, 86]"
378,714,20,20,"[168, 118, 62, 66]"
378,735,20,20,"[143, 219, 70, 86]"
378,756,20,20,"[73, 109, 250, 98]"
378,777,20,20,"[73, 109, 250, 98]"
378,798,20,20,"[168, 118, 62, 66]"
378,819,20,20,"[73, 109, 250, 98]"
378,840,20,20,"[73, 109, 250, 98]"
378,861,20,20,"[168, 118, 62, 66]"
399,0,20,20,"[143, 219, 70, 86]"
399,21,20,20,"[73, 109, 250, 98]"
399,42,20,20,"[168, 118, 62, 66]"
399,63,20,20,"[73, 109, 250, 98]"
399,84,20,20,"[143, 219, 70, 86]"
399,105,20,20,"[143, 219, 70, 86]"
399,126,20,20,"[168, 118, 62, 66]"
399,147,20,20,"[168, 118, 62, 66]"
399,168,20,20,"[73, 109, 250, 98]"
399,189,20,20,"[168, 118, 62, 66]"
399,210,20,20,"[73, 109, 250, 98]"
399,231,20,20,"[143, 219, 70, 86]"
399,252,20,20,"[143, 219, 70, 86]"
399,273,20,20,"[143, 219, 70, 86]"
399,294,20,20,"[73, 109, 250, 98]"
399,315,20,20,"[143, 219, 70, 86]"
399,336,20,20,"[73, 109, 250, 98]"
399,357,20,20,"[143, 219, 70, 86]"
399,378,20,20,"[168, 118, 62, 66]"
399,399,20,20,"[168, 118, 62, 66]"
399,420,20,20,"[73, 109, 250, 98]"
399,441,20,20,"[143, 219, 70, 86]"
399,462,20,20,"[73, 109, 250, 98]"
399,483,20,20,"[168, 118, 62, 66]"
399,504,20,20,"[143, 219, 70, 86]"
399,525,20,20,"[73, 109, 250, 98]"
399,546,20,20,"[73, 109, 250, 98]"
399,567,20,20,"[168, 118, 62, 66]"
399,588,20,20,"[73, 109, 250, 98]"
399,609,20,20,"[73, 109, 250, 98]"
399,630,20,20,"[143, 219, 70, 86]"
399,651,20,20,"[168, 118, 62, 66]"
399,672,20,20,"[143, 219, 70, 86]"
399,693,20,20,"[143, 219, 70, 86]"
399,714,20,20,"[73, 109, 250, 98]"
399,735,20,20,"[168, 118, 62, 66]"
399,756,20,20,"[143, 219, 70, 86]"
399,777,20,20,"[168, 118, 62, 66]"
399,798,20,20,"[143, 219, 70, 86]"
399,819,20,20,"[143, 219, 70, 86]"
399,840,20,20,"[73, 109, 250, 98]"
399,861,20,20,"[168, 118, 62, 66]"
420,0,20,20,"[73, 109, 250, 98]"
420,21,20,20,"[168, 118, 62, 66]"
420,42,20,20,"[168, 118, 62, 66]"
420,63,20,20,"[73, 109, 250, 98]"
420,84,20,20,"[73, 109, 250, 98]"
420,105,20,20,"[143, 219, 70, 86]"
420,126,20,20,"[143, 219, 70, 86]"
420,147,20,20,"[143, 219, 70, 86]"
420,168,20,20,"[73, 109, 250, 98]"
420,189,20,20,"[73, 109, 250, 98]"
420,210,20,20,"[168, 118, 62, 66]"
420,231,20,20,"[168, 118, 62, 66]"
420,252,20,20,"[168, 118, 62, 66]"
420,273,20,20,"[73, 109, 250, 98]"
420,294,20,20,"[168, 118, 62, 66]"
420,315,20,20,"[143, 219, 70, 86]"
420,336,20,20,"[168, 118, 62, 66]"
420,357,20,20,"[143, 219, 70, 86]"
420,378,20,20,"[73, 109, 250, 98]"
420,399,20,20,"[73, 109, 250, 98]"
420,420,20,20,"[73, 109, 250, 98]"
420,441,20,20,"[143, 219, 70, 86]"
420,462,20,20,"[168, 118, 62, 66]"
420,483,20,20,"[143, 219, 70, 86]"
420,504,20,20,"[168, 118, 62, 66]"
420,525,20,20,"[168, 118, 62, 66]"
420,546,20,20,"[73, 109, 250, 98]"
420,567,20,20,"[168, 118, 62, 66]"
420,588,20,20,"[73, 109, 250, 98]"
420,609,20,20,"[143, 219, 70, 86]"
420,630,20,20,"[143, 219, 70, 86]"
420,651,20,20,"[143, 219, 70, 86]"
420,672,20,20,"[73, 109, 250, 98]"
420,693,20,20,"[143, 219, 70, 86]"
420,714,20,20,"[168, 118, 62, 66]"
420,735,20,20,"[73, 109, 250, 98]"
420,756,20,20,"[73, 109, 250, 98]"
420,777,20,20,"[168, 118, 62, 66]"
420,798,20,20,"[143, 219, 70, 86]"
420,819,20,20,"[143, 219, 70, 86]"
420,840,20,20,"[143, 219, 70, 86]"
420,861,20,20,"[168, 118, 62, 66]"
441,0,20,20,"[73, 109, 250, 98]"
441,21,20,20,"[143, 219, 70, 86]"
441,42,20,20,"[143, 219, 70, 86]"
441,63,20,20,"[73, 109, 250, 98]"
441,84,20,20,"[73, 109, 250, 98]"
441,105,20,20,"[143, 219, 70, 86]"
441,126,20,20,"[143, 219, 70, 86]"
441,147,20,20,"[143, 219, 70, 86]"
441,168,20,20,"[168, 118, 62, 66]"
441,189,20,20,"[73, 109, 250, 98]"
441,210,20,20,"[73, 109, 250, 98]"
441,231,20,20,"[73, 109, 250, 98]"
441,252,20,20,"[73, 109, 250, 98]"
441,273,20,20,"[73, 109, 250, 98]"
441,294,20,20,"[143, 219, 70, 86]"
441,315,20,20,"[73, 109, 250, 98]"
441,336,20,20,"[143, 219, 70, 86]"
441,357,20,20,"[73, 109, 250, 98]"
441,378,20,20,"[168, 118, 62, 66]"
441,399,20,20,"[143, 219, 70, 86]"
441,420,20,20,"[73, 109, 250, 98]"
441,441,20,20,"[73, 109, 250, 98]"
441,462,20,20,"[73, 109, 250, 98]"
441,483,20,20,"[143, 219, 70, 86]"
441,504,20,20,"[73, 109, 250, 98]"
441,525,20,20,"[73, 109, 250, 98]"
441,546,20,20,"[168, 118, 62, 66]"
441,567,20,20,"[143, 219, 70, 86]"
441,588,20,20,"[73, 109, 250, 98]"
441,609,20,20,"[168, 118, 62, 66]"
441,630,20,20,"[73, 109, 250, 98]"
441,651,20,20,"[73, 109, 250, 98]"
441,672,20,20,"[73, 109, 250, 98]"
441,693,20,20,"[143, 219, 70, 86]"
441,714,20,20,"[168, 118, 62, 66]"
441,735,20,20,"[143, 219, 70, 86]"
441,756,20,20,"[168, 118, 62, 66]"
441,777,20,20,"[73, 109, 250, 98]"
441,798,20,20,"[73, 109, 250, 98]"
441,819,20,20,"[73, 109, 250, 98]"
441,840,20,20,"[73, 109, 250, 98]"
441,861,20,20,"[168, 118, 62, 66]"
462,0,20,20,"[73, 109, 250, 98]"
462,21,20,20,"[73, 109, 250, 98]"
462,42,20,20,"[168, 118, 62, 66]"
462,63,20,20,"[168, 118, 62, 66]"
462,84,20,20,"[168, 118, 62, 66]"
462,105,20,20,"[143, 219, 70, 86]"
462,126,20,20,"[73, 109, 250, 98]"
462,147,20,20,"[168, 118, 62, 66]"
462,168,20,20,"[143, 219, 70, 86]"
462,189,20,20,"[73, 109, 250, 98]"
462,210,20,20,"[143, 219, 70, 86]"
462,231,20,20,"[168, 118, 62, 66]"
462,252,20,20,"[168, 118, 62, 66]"
462,273,20,20,"[73, 109, 250, 98]"
462,294,20,20,"[73, 109, 250, 98]"
462,315,20,20,"[73, 109, 250, 98]"
462,336,20,20,"[73, 109, 250, 98]"
462,357,20,20,"[143, 219, 70, 86]"
462,378,20,20,"[143, 219, 70, 86]"
462,399,20,20,"[143, 219, 70, 86]"
462,420,20,20,"[73, 109, 250, 98]"
462,441,20,20,"[143, 219, 70, 86]"
462,462,20,20,"[73, 109, 250, 98]"
462,483,20,20,"[168, 118, 62, 66]"
462,504,20,20,"[168, 118, 62, 66]"
462,525,20,20,"[168, 118, 62, 66]"
462,546,20,20,"[168, 118, 62, 66]"
462,567,20,20,"[73, 109, 250, 98]"
462,588,20,20,"[143, 219, 70, 86]"
462,609,20,20,"[73, 109, 250, 98]"
462,630,20,20,"[73, 109, 250, 98]"
462,651,20,20,"[168, 118, 62, 66]"
462,672,20,20,"[73, 109, 250, 98]"
462,693,20,20,"[168, 118, 62, 66]"
462,714,20,20,"[168, 118, 62, 66]"
462,735,20,20,"[168, 118, 62, 66]"
462,756,20,20,"[168, 118, 62, 66]"
462,777,20,20,"[73, 109, 250, 98]"
462,798,20,20,"[143, 219, 70, 86]"
462,819,20,20,"[73, 109, 250, 98]"
462,840,20,20,"[73, 109, 250, 98]"
462,861,20,20,"[143, 219, 70, 86]"
483,0,20,20,"[168, 118, 62, 66]"
483,21,20,20,"[73, 109, 250, 98]"
483,42,20,20,"[73, 109, 250, 98]"
483,63,20,20,"[143, 219, 70, 86]"
483,84,20,20,"[73, 109, 250, 98]"
483,105,20,20,"[168, 118, 62, 66]"
483,126,20,20,"[73, 109, 250, 98]"
483,147,20,20,"[168, 118, 62, 66]"
483,168,20,20,"[143, 219, 70, 86]"
483,189,20,20,"[73, 109, 250, 98]"
483,210,20,20,"[168, 118, 62, 66]"
483,231,20,20,"[73, 109, 250, 98]"
483,252,20,20,"[73, 109, 250, 98]"
483,273,20,20,"[143, 219, 70, 86]"
483,294,20,20,"[73, 109, 250, 98]"
483,315,20,20,"[143, 219, 70, 86]"
483,336,20,20,"[73, 109, 250, 98]"
483,357,20,20,"[73, 109, 250, 98]"
483,378,20,20,"[143, 219, 70, 86]"
483,399,20,20,"[73, 109, 250, 98]"
483,420,20,20,"[73, 109, 250, 98]"
483,441,20,20,"[73, 109, 250, 98]"
483,462,20,20,"[143, 219, 70, 86]"
483,483,20,20,"[168, 118, 62, 66]"
483,504,20,20,"[143, 219, 70, 86]"
483,525,20,20,"[73, 109, 250, 98]"
483,546,20,20,"[143, 219, 70, 86]"
483,567,20,20,"[73, 109, 250, 98]"
483,588,20,20,"[168, 118, 62, 66]"
483,609,20,20,"[168, 118, 62, 66]"
483,630,20,20,"[168, 118, 62, 66]"
483,651,20,20,"[143, 219, 70, 86]"
483,672,20,20,"[73, 109, 250, 98]"
483,693,20,20,"[143, 219, 70, 86]"
483,714,20,20,"[73, 109, 250, 98]"
483,735,20,20,"[143, 219, 70, 86]"
483,756,20,20,"[143, 219, 70, 86]"
483,777,20,20,"[168, 118, 62, 66]"
483,798,20,20,"[73, 109, 250, 98]"
483,819,20,20,"[73, 109, 250, 98]"
483,840,20,20,"[168, 118, 62, 66]"
483,861,20,20,"[143, 219, 70, 86]"
504,0,20,20,"[73, 109, 250, 98]"
504,21,20,20,"[73, 109, 250, 98]"
504,42,20,20,"[143, 219, 70, 86]"
504,63,20,20,"[143, 219, 70, 86]"
504,84,20,20,"[168, 118, 62, 66]"
504,105,20,20,"[168, 118, 62, 66]"
504,126,20,20,"[143, 219, 70, 86]"
504,147,20,20,"[143, 219, 70, 86]"
504,168,20,20,"[143, 219, 70, 86]"
504,189,20,20,"[143, 219, 70, 86]"
504,210,20,20,"[168, 118, 62, 66]"
504,231,20,20,"[73, 109, 250, 98]"
504,252,20,20,"[73, 109, 250, 98]"
504,273,20,20,"[168, 118, 62, 66]"
504,294,20,20,"[143, 219, 70, 86]"
504,315,20,20,"[143, 219, 70, 86]"
504,336,20,20,"[73, 109, 250, 98]"
504,357,20,20,"[168, 118, 62, 66]"
504,378,20,20,"[168, 118, 62, 66]"
504,399,20,20,"[168, 118, 62, 66]"
504,420,20,20,"[143, 219, 70, 86]"
504,441,20,20,"[73, 109, 250, 98]"
504,462,20,20,"[73, 109, 250, 98]"
504,483,20,20,"[168, 118, 62, 66]"
504,504,20,20,"[168, 118, 62, 66]"
504,525,20,20,"[168, 118, 62, 66]"
504,546,20,20,"[73, 109, 250, 98]"
504,567,20,20,"[143, 219, 70, 86]"
504,588,20,20,"[143, 219, 70, 86]"
504,609,20,20,"[168, 118, 62, 66]"
504,630,20,20,"[168, 118, 62, 66]"
504,651,20,20,"[168, 118, 62, 66]"
504,672,20,20,"[143, 219, 70, 86]"
504,693,20,20,"[143, 219, 70, 86]"
504,714,20,20,"[168, 118, 62, 66]"
504,735,20,20,"[143, 219, 70, 86]"
504,756,20,20,"[168, 118, 62, 66]"
504,777,20,20,"[168, 118, 62, 66]"
504,798,20,20,"[143, 219, 70, 86]"
504,819,20,20,"[73, 109, 250, 98]"
504,840,20,20,"[143, 219, 70, 86]"
504,861,20,20,"[73, 109, 250, 98]"
525,0,20,20,"[168, 118, 62, 66]"
525,21,20,20,"[73, 109, 250, 98]"
525,42,20,20,"[73, 109, 250, 98]"
525,63,20,20,"[73, 109, 250, 98]"
525,84,20,20,"[143, 219, 70, 86]"
525,105,20,20,"[73, 109, 250, 98]"
525,126,20,20,"[73, 109, 250, 98]"
525,147,20,20,"[143, 219, 70, 86]"
525,168,20,20,"[73, 109, 250, 98]"
525,189,20,20,"[143, 219, 70, 86]"
525,210,20,20,"[143, 219, 70, 86]"
525,231,20,20,"[73, 109, 250, 98]"
525,252,20,20,"[143, 219, 70, 86]"
525,273,20,20,"[168, 118, 62, 66]"
525,294,20,20,"[143, 219, 70, 86]"
525,315,20,20,"[73, 109, 250, 98]"
525,336,20,20,"[73, 109, 250, 98]"
525,357,20,20,"[168, 118, 62, 66]"
525,378,20,20,"[143, 219, 70, 86]"
525,399,20,20,"[73, 109, 250, 98]"
525,420,20,20,"[143, 219, 70, 86]"
525,441,20,20,"[168, 118, 62, 66]"
525,462,20,20,"[168, 118, 62, 66]"
525,483,20,20,"[73, 109, 250, 98]"
525,504,20,20,"[73, 109, 250, 98]"
525,525,20,20,"[168, 118, 62, 66]"
525,546,20,20,"[168, 118, 62, 66]"
525,567,20,20,"[73, 109, 250, 98]"
525,588,20,20,"[143, 219, 70, 86]"
525,609,20,20,"[168, 118, 62, 66]"
525,630,20,20,"[168, 118, 62, 66]"
525,651,20,20,"[73, 109, 250, 98]"
525,672,20,20,"[143, 219, 70, 86]"
525,693,20,20,"[168, 118, 62, 66]"
525,714,20,20,"[143, 219, 70, 86]"
525,735,20,20,"[73, 109, 250, 98]"
525,756,20,20,"[73, 109, 250, 98]"
525,777,20,20,"[143, 219, 70, 86]"
525,798,20,20,"[168, 118, 62, 66]"
525,819,20,20,"[143, 219, 70, 86]"
525,840,20,20,"[168, 118, 62, 66]"
525,861,20,20,"[143, 219, 70, 86]"
546,0,20,20,"[168, 118, 62, 66]"
546,21,20,20,"[143, 219, 70, 86]"
546,42,20,20,"[73, 109, 250, 98]"
546,63,20,20,"[73, 109, 250, 98]"
546,84,20,20,"[143, 219, 70, 86]"
546,105,20,20,"[73, 109, 250, 98]"
546,126,20,20,"[168, 118, 62, 66]"
546,147,20,20,"[168, 118, 62, 66]"
546,168,20,20,"[143, 219, 70, 86]"
546,189,20,20,"[168, 118, 62, 66]"
546,210,20,20,"[143, 219, 70, 86]"
546,231,20,20,"[73, 109, 250, 98]"
546,252,20,20,"[143, 219, 70, 86]"
546,273,20,20,"[73, 109, 250, 98]"
546,294,20,20,"[73, 109, 250, 98]"
546,315,20,20,"[143, 219, 70, 86]"
546,336,20,20,"[73, 109, 250, 98]"
546,357,20,20,"[168, 118, 62, 66]"
546,378,20,20,"[73, 109, 250, 98]"
546,399,20,20,"[73, 109, 250, 98]"
546,420,20,20,"[143, 219, 70, 86]"
546,441,20,20,"[143, 219, 70, 86]"
546,462,20,20,"[143, 219, 70, 86]"
546,483,20,20,"[143, 219, 70, 86]"
546,504,20,20,"[168, 118, 62, 66]"
546,525,20,20,"[168, 118, 62, 66]"
546,546,20,20,"[168, 118, 62, 66]"
546,567,20,20,"[168, 118, 62, 66]"
546,588,20,20,"[143, 219, 70, 86]"
546,609,20,20,"[168, 118, 62, 66]"
546,630,20,20,"[143, 219, 70, 86]"
546,651,20,20,"[73, 109, 250, 98]"
546,672,20,20,"[73, 109, 250, 98]"
546,693,20,20,"[73, 109, 250, 98]"
546,714,20,20,"[143, 219, 70, 86]"
546,735,20,20,"[168, 118, 62, 66]"
546,756,20,20,"[168, 118, 62, 66]"
546,777,20,20,"[143, 219, 70, 86]"
546,798,20,20,"[143, 219, 70, 86]"
546,819,20,20,"[168, 118, 62, 66]"
546,840,20,20,"[73, 109, 250, 98]"
546,861,20,20,"[73, 109, 250, 98]"
567,0,20,20,"[73, 109, 250, 98]"
567,21,20,20,"[168, 118, 62, 66]"
567,42,20,20,"[73, 109, 250, 98]"
567,63,20,20,"[73, 109, 250, 98]"
567,84,20,20,"[168, 118, 62, 66]"
567,105,20,20,"[168, 118, 62, 66]"
567,126,20,20,"[168, 118, 62, 66]"
567,147,20,20,"[168, 118, 62, 66]"
567,168,20,20,"[168, 118, 62, 66]"
567,189,20,20,"[168, 118, 62, 66]"
567,210,20,20,"[168, 118, 62, 66]"
567,231,20,20,"[168, 118, 62, 66]"
567,252,20,20,"[168, 118, 62, 66]"
567,273,20,20,"[143, 219, 70, 86]"
567,294,20,20,"[168, 118, 62, 66]"
567,315,20,20,"[73, 109, 250, 98]"
567,336,20,20,"[168, 118, 62, 66]"
567,357,20,20,"[168, 118, 62, 66]"
567,378,20,20,"[168, 118, 62, 66]"
567,399,20,20,"[168, 118, 62, 66]"
567,420,20,20,"[143, 219, 70, 86]"
567,441,20,20,"[73, 109, 250, 98]"
567,462,20,20,"[143, 219, 70, 86]"
567,483,20,20,"[73, 109, 250, 98]"
567,504,20,20,"[168, 118, 62, 66]"
567,525,20,20,"[73, 109, 250, 98]"
567,546,20,20,"[73, 109, 250, 98]"
567,567,20,20,"[143, 219, 70, 86]"
567,588,20,20,"[143, 219, 70, 86]"
567,609,20,20,"[143, 219, 70, 86]"
567,630,20,20,"[73, 109, 250, 98]"
567,651,20,20,"[168, 118, 62, 66]"
567,672,20,20,"[143, 219, 70, 86]"
567,693,20,20,"[73, 109, 250, 98]"
567,714,20,20,"[73, 109, 250, 98]"
567,735,20,20,"[168, 118, 62, 66]"
567,756,20,20,"[143, 219, 70, 86]"
567,777,20,20,"[168, 118, 62, 66]"
567,798,20,20,"[73, 109, 250, 98]"
567,819,20,20,"[73, 109, 250, 98]"
567,840,20,20,"[143, 219, 70, 86]"
567,861,20,20,"[143, 219, 70, 86]"
588,0,20,20,"[168, 118, 62, 66]"
588,21,20,20,"[73, 109, 250, 98]"
588,42,20,20,"[168, 118, 62, 66]"
588,63,20,20,"[168, 118, 62, 66]"
588,84,20,20,"[73, 109, 250, 98]"
588,105,20,20,"[168, 118, 62, 66]"
588,126,20,20,"[143, 219, 70, 86]"
588,147,20,20,"[143, 219, 70, 86]"
588,168,20,20,"[168, 118, 62, 66]"
588,189,20,20,"[143, 219, 70, 86]"
588,210,20,20,"[143, 219, 70, 86]"
588,231,20,20,"[73, 109, 250, 98]"
588,252,20,20,"[168, 118, 62, 66]"
588,273,20,20,"[73, 109, 250, 98]"
588,294,20,20,"[143, 219, 70, 86]"
588,315,20,20,"[143, 219, 70, 86]"
588,336,20,20,"[73, 109, 250, 98]"
588,357,20,20,"[73, 109, 250, 98]"
588,378,20,20,"[168, 118, 62, 66]"
588,399,20,20,"[73, 109, 250, 98]"
588,420,20,20,"[73, 109, 250, 98]"
588,441,20,20,"[143, 219, 70, 86]"
588,462,20,20,"[168, 118, 62, 66]"
588,483,20,20,"[143, 219, 70, 86]"
588,504,20,20,"[168, 118, 62, 66]"
588,525,20,20,"[168, 118, 62, 66]"
588,546,20,20,"[168, 118, 62, 66]"
588,567,20,20,"[143, 219, 70, 86]"
588,588,20,20,"[168, 118, 62, 66]"
588,609,20,20,"[168, 118, 62, 66]"
588,630,20,20,"[143, 219, 70, 86]"
588,651,20,20,"[143, 219, 70, 86]"
588,672,20,20,"[73, 109, 250, 98]"
588,693,20,20,"[143, 219, 70, 86]"
588,714,20,20,"[143, 219, 70, 86]"
588,735,20,20,"[168, 118, 62, 66]"
588,756,20,20,"[143, 219, 70, 86]"
588,777,20,20,"[143, 219, 70, 86]"
588,798,20,20,"[168, 118, 62, 66]"
588,819,20,20,"[143, 219, 70, 86]"
588,840,20,20,"[168, 118, 62, 66]"
588,861,20,20,"[143, 219, 70, 86]"
609,0,20,20,"[73, 109, 250, 98]"
609,21,20,20,"[168, 118, 62, 66]"
609,42,20,20,"[143, 219, 70, 86]"
609,63,20,20,"[168, 118, 62, 66]"
609,84,20,20,"[143, 219, 70, 86]"
609,105,20,20,"[73, 109, 250, 98]"
609,126,20,20,"[143, 219, 70, 86]"
609,147,20,20,"[143, 219, 70, 86]"
609,168,20,20,"[143, 219, 70, 86]"
609,189,20,20,"[73, 109, 250, 98]"
609,210,20,20,"[73, 109, 250, 98]"
609,231,20,20,"[168, 118, 62, 66]"
609,252,20,20,"[168, 118, 62, 66]"
609,273,20,20,"[143, 219, 70, 86]"
609,294,20,20,"[168, 118, 62, 66]"
609,315,20,20,"[143, 219, 70, 86]"
609,336,20,20,"[73, 109, 250, 98]"
609,357,20,20,"[143, 219, 70, 86]"
609,378,20,20,"[73, 109, 250, 98]"
609,399,20,20,"[168, 118, 62, 66]"
609,420,20,20,"[73, 109, 250, 98]"
609,441,20,20,"[143, 219, 70, 86]"
609,462,20,20,"[168, 118, 62, 66]"
609,483,20,20,"[143, 219, 70, 86]"
609,504,20,20,"[73, 109, 250, 98]"
609,525,20,20,"[143, 219, 70, 86]"
609,546,20,20,"[73, 109, 250, 98]"
609,567,20,20,"[143, 219, 70, 86]"
609,588,20,20,"[143, 219, 70, 86]"
609,609,20,20,"[143, 219, 70, 86]"
609,630,20,20,"[143, 219, 70, 86]"
609,651,20,20,"[168, 118, 62, 66]"
609,672,20,20,"[73, 109, 250, 98]"
609,693,20,20,"[168, 118, 62, 66]"
609,714,20,20,"[73, 109, 250, 98]"
609,735,20,20,"[143, 219, 70, 86]"
609,756,20,20,"[143, 219, 70, 86]"
609,777,20,20,"[143, 219, 70, 86]"
609,798,20,20,"[168, 118, 62, 66]"
609,819,20,20,"[168, 118, 62, 66]"
609,840,20,20,"[168, 118, 62, 66]"
609,861,20,20,"[143, 219, 70, 86]"
630,0,20,20,"[73, 109, 250, 98]"
630,21,20,20,"[168, 118, 62, 66]"
630,42,20,20,"[143, 219, 70, 86]"
630,63,20,20,"[143, 219, 70, 86]"
630,84,20,20,"[143, 219, 70, 86]"
630,105,20,20,"[168, 118, 62, 66]"
630,126,20,20,"[73, 109, 250, 98]"
630,147,20,20,"[168, 118, 62, 66]"
630,168,20,20,"[168, 118, 62, 66]"
630,189,20,20,"[143, 219, 70, 86]"
630,210,20,20,"[143, 219, 70, 86]"
630,231,20,20,"[168, 118, 62, 66]"
630,252,20,20,"[73, 109, 250, 98]"
630,273,20,20,"[73, 109, 250, 98]"
630,294,20,20,"[73, 109, 250, 98]"
630,315,20,20,"[73, 109, 250, 98]"
630,336,20,20,"[73, 109, 250, 98]"
630,357,20,20,"[168, 118, 62, 66]"
630,378,20,20,"[168, 118, 62, 66]"
630,399,20,20,"[168, 118, 62, 66]"
630,420,20,20,"[168, 118, 62, 66]"
630,441,20,20,"[143, 219, 70, 86]"
630,462,20,20,"[168, 118, 62, 66]"
630,483,20,20,"[168, 118, 62, 66]"
630,504,20,20,"[73, 109, 250, 98]"
630,525,20,20,"[168, 118, 62, 66]"
630,546,20,20,"[168, 118, 62, 66]"
630,567,20,20,"[168, 118, 62, 66]"
630,588,20,20,"[73, 109, 250, 98]"
630,609,20,20,"[168, 118, 62, 66]"
630,630,20,20,"[143, 219, 70, 86]"
630,651,20,20,"[73, 109, 250, 98]"
630,672,20,20,"[168, 118, 62, 66]"
630,693,20,20,"[73, 109, 250, 98]"
630,714,20,20,"[73, 109, 250, 98]"
630,735,20,20,"[143, 219, 70, 86]"
630,756,20,20,"[73, 109, 250, 98]"
630,777,20,20,"[73, 109, 250, 98]"
630,798,20,20,"[143, 219, 70, 86]"
630,819,20,20,"[143, 219, 70, 86]"
630,840,20,20,"[168, 118, 62, 66]"
630,861,20,20,"[143, 219, 70, 86]"
651,0,20,20,"[143, 219, 70, 86]"
651,21,20,20,"[168, 118, 62, 66]"
651,42,20,20,"[143, 219, 70, 86]"
651,63,20,20,"[73, 109, 250, 98]"
651,84,20,20,"[168, 118, 62, 66]"
651,105,20,20,"[73, 109, 250, 98]"
651,126,20,20,"[73, 109, 250, 98]"
651,147,20,20,"[73, 109, 250, 98]"
651,168,20,20,"[143, 219, 70, 86]"
651,189,20,20,"[168, 118, 62, 66]"
651,210,20,20,"[143, 219, 70, 86]"
651,231,20,20,"[143, 219, 70, 86]"
651,252,20,20,"[73, 109, 250, 98]"
651,273,20,20,"[143, 219, 70, 86]"
651,294,20,20,"[143, 219, 70, 86]"
651,315,20,20,"[73, 109, 250, 98]"
651,336,20,20,"[73, 109, 250, 98]"
651,357,20,20,"[73, 109, 250, 98]"
651,378,20,20,"[143, 219, 70, 86]"
651,399,20,20,"[73, 109, 250, 98]"
651,420,20,20,"[143, 219, 70, 86]"
651,441,20,20,"[143, 219, 70, 86]"
651,462,20,20,"[143, 219, 70, 86]"
651,483,20,20,"[73, 109, 250, 98]"
651,504,20,20,"[73, 109, 250, 98]"
651,525,20,20,"[143, 219, 70, 86]"
651,546,20,20,"[73, 109, 250, 98]"
651,567,20,20,"[168, 118, 62, 66]"
651,588,20,20,"[168, 118, 62, 66]"
651,609,20,20,"[143, 219, 70, 86]"
651,630,20,20,"[73, 109, 250, 98]"
651,651,20,20,"[73, 109, 250, 98]"
651,672,20,20,"[143, 219, 70, 86]"
651,693,20,20,"[168, 118, 62, 66]"
651,714,20,20,"[73, 109, 250, 98]"
651,735,20,20,"[73, 109, 250, 98]"
651,756,20,20,"[143, 219, 70, 86]"
651,777,20,20,"[168, 118, 62, 66]"
651,798,20,20,"[168, 118, 62, 66]"
651,819,20,20,"[73, 109, 250, 98]"
651,840,20,20,"[73, 109, 250, 98]"
651,861,20,20,"[73, 109, 250, 98]"
672,0,20,20,"[73, 109, 250, 98]"
672,21,20,20,"[73, 109, 250, 98]"
672,42,20,20,"[168, 118, 62, 66]"
672,63,20,20,"[143, 219, 70, 86]"
672,84,20,20,"[168, 118, 62, 66]"
672,105,20,20,"[168, 118, 62, 66]"
672,126,20,20,"[143, 219, 70, 86]"
672,147,20,20,"[168, 118, 62, 66]"
672,168,20,20,"[73, 109, 250, 98]"
672,189,20,20,"[73, 109, 250, 98]"
672,210,20,20,"[168, 118, 62, 66]"
672,231,20,20,"[143, 219, 70, 86]"
672,252,20,20,"[168, 118, 62, 66]"
672,273,20,20,"[143, 219, 70, 86]"
672,294,20,20,"[168, 118, 62, 66]"
672,315,20,20,"[168, 118, 62, 66]"
672,336,20,20,"[143, 219, 70, 86]"
672,357,20,20,"[143, 219, 70, 86]"
672,378,20,20,"[73, 109, 250, 98]"
672,399,20,20,"[143, 219, 70, 86]"
672,420,20,20,"[143, 219, 70, 86]"
672,441,20,20,"[168, 118, 62, 66]"
672,462,20,20,"[143, 219, 70, 86]"
672,483,20,20,"[143, 219, 70, 86]"
672,504,20,20,"[143, 219, 70, 86]"
672,525,20,20,"[143, 219, 70, 86]"
672,546,20,20,"[143, 219, 70, 86]"
672,567,20,20,"[143, 219, 70, 86]"
672,588,20,20,"[143, 219, 70, 86]"
672,609,20,20,"[143, 219, 70, 86]"
672,630,20,20,"[143, 219, 70, 86]"
672,651,20,20,"[143, 219, 70, 86]"
672,672,20,20,"[143, 219, 70, 86]"
672,693,20,20,"[143, 219, 70, 86]"
672,714,20,20,"[73, 109, 250, 98]"
672,735,20,20,"[143, 219, 70, 86]"
672,756,20,20,"[73, 109, 250, 98]"
672,777,20,20,"[143, 219, 70, 86]"
672,798,20,20,"[73, 109, 250, 98]"
672,819,20,20,"[73, 109, 250, 98]"
672,840,20,20,"[73, 109, 250, 98]"
672,861,20,20,"[73, 109, 250, 98]"
693,0,20,20,"[73, 109, 250, 98]"
693,21,20,20,"[73, 109, 250, 98]"
693,42,20,20,"[143, 219, 70, 86]"
693,63,20,20,"[143, 219, 70, 86]"
693,84,20,20,"[73, 109, 250, 98]"
693,105,20,20,"[143, 219, 70, 86]"
693,126,20,20,"[168, 118, 62, 66]"
693,147,20,20,"[168, 118, 62, 66]"
693,168,20,20,"[73, 109, 250, 98]"
693,189,20,20,"[168, 118, 62, 66]"
693,210,20,20,"[143, 219, 70, 86]"
693,231,20,20,"[168, 118, 62, 66]"
693,252,20,20,"[143, 219, 70, 86]"
693,273,20,20,"[168, 118, 62, 66]"
693,294,20,20,"[143, 219, 70, 86]"
693,315,20,20,"[168, 118, 62, 66]"
693,336,20,20,"[168, 118, 62, 66]"
693,357,20,20,"[143, 219, 70, 86]"
693,378,20,20,"[73, 109, 250, 98]"
693,399,20,20,"[168, 118, 62, 66]"
693,420,20,20,"[73, 109, 250, 98]"
693,441,20,20,"[143, 219, 70, 86]"
693,462,20,20,"[73, 109, 250, 98]"
693,483,20,20,"[143, 219, 70, 86]"
693,504,20,20,"[143, 219, 70, 86]"
693,525,20,20,"[168, 118, 62, 66]"
693,546,20,20,"[168, 118, 62, 66]"
693,567,20,20,"[73, 109, 250, 98]"
693,588,20,20,"[143, 219, 70, 86]"
693,609,20,20,"[73, 109, 250, 98]"
693,630,20,20,"[143, 219, 70, 86]"
693,651,20,20,"[168, 118, 62, 66]"
693,672,20,20,"[73, 109, 250, 98]"
693,693,20,20,"[168, 118, 62, 66]"
693,714,20,20,"[143, 219, 70, 86]"
693,735,20,20,"[73, 109, 250, 98]"
693,756,20,20,"[143, 219, 70, 86]"
693,777,20,20,"[73, 109, 250, 98]"
693,798,20,20,"[168, 118, 62, 66]"
693,819,20,20,"[143, 219, 70, 86]"
693,840,20,20,"[168, 118, 62, 66]"
693,861,20,20,"[73, 109, 250, 98]"
714,0,20,20,"[73, 109, 250, 98]"
714,21,20,20,"[73, 109, 250, 98]"
714,42,20,20,"[73, 109, 250, 98]"
714,63,20,20,"[73, 109, 250, 98]"
714,84,20,20,"[73, 109, 250, 98]"
714,105,20,20,"[73, 109, 250, 98]"
714,126,20,20,"[73, 109, 250, 98]"
714,147,20,20,"[168, 118, 62, 66]"
714,168,20,20,"[73, 109, 250, 98]"
714,189,20,20,"[143, 219, 70, 86]"
714,210,20,20,"[143, 219, 70, 86]"
714,231,20,20,"[168, 118, 62, 66]"
714,252,20,20,"[168, 118, 62, 66]"
714,273,20,20,"[73, 109, 250, 98]"
714,294,20,20,"[73, 109, 250, 98]"
714,315,20,20,"[73, 109, 250, 98]"
714,336,20,20,"[168, 118, 62, 66]"
714,357,20,20,"[168, 118, 62, 66]"
714,378,20,20,"[143, 219, 70, 86]"
714,399,20,20,"[73, 109, 250, 98]"
714,420,20,20,"[168, 118, 62, 66]"
714,441,20,20,"[143, 219, 70, 86]"
714,462,20,20,"[73, 109, 250, 98]"
714,483,20,20,"[73, 109, 250, 98]"
714,504,20,20,"[73, 109, 250, 98]"
714,525,20,20,"[168, 118, 62, 66]"
714,546,20,20,"[73, 109, 250, 98]"
714,567,20,20,"[73, 109, 250, 98]"
714,588,20,20,"[73, 109, 250, 98]"
714,609,20,20,"[168, 118, 62, 66]"
714,630,20,20,"[168, 118, 62, 66]"
714,651,20,20,"[143, 219, 70, 86]"
714,672,20,20,"[73, 109, 250, 98]"
714,693,20,20,"[168, 118, 62, 66]"
714,714,20,20,"[168, 118, 62, 66]"
714,735,20,20,"[143, 219, 70, 86]"
714,756,20,20,"[168, 118, 62, 66]"
714,777,20,20,"[168, 118, 62, 66]"
714,798,20,20,"[143, 219, 70, 86]"
714,819,20,20,"[143, 219, 70, 86]"
714,840,20,20,"[168, 118, 62, 66]"
714,861,20,20,"[168, 118, 62, 66]"
735,0,20,20,"[168, 118, 62, 66]"
735,21,20,20,"[73, 109, 250, 98]"
735,42,20,20,"[143, 219, 70, 86]"
735,63,20,20,"[73, 109, 250, 98]"
735,84,20,20,"[73, 109, 250, 98]"
735,105,20,20,"[168, 118, 62, 66]"
735,126,20,20,"[143, 219, 70, 86]"
735,147,20,20,"[168, 118, 62, 66]"
735,168,20,20,"[168, 118, 62, 66]"
735,189,20,20,"[143, 219, 70, 86]"
735,210,20,20,"[143, 219, 70, 86]"
735,231,20,20,"[73, 109, 250, 98]"
735,252,20,20,"[73, 109, 250, 98]"
735,273,20,20,"[168, 118, 62, 66]"
735,294,20,20,"[143, 219, 70, 86]"
735,315,20,20,"[143, 219, 70, 86]"
735,336,20,20,"[143, 219, 70, 86]"
735,357,20,20,"[168, 118, 62, 66]"
735,378,20,20,"[73, 109, 250, 98]"
735,399,20,20,"[168, 118, 62, 66]"
735,420,20,20,"[143, 219, 70, 86]"
735,441,20,20,"[168, 118, 62, 66]"
735,462,20,20,"[73, 109, 250, 98]"
735,483,20,20,"[143, 219, 70, 86]"
735,504,20,20,"[143, 219, 70, 86]"
735,525,20,20,"[168, 118, 62, 66]"
735,546,20,20,"[168, 118, 62, 66]"
735,567,20,20,"[143, 219, 70, 86]"
735,588,20,20,"[168, 118, 62, 66]"
735,609,20,20,"[168, 118, 62, 66]"
735,630,20,20,"[168, 118, 62, 66]"
735,651,20,20,"[143, 219, 70, 86]"
735,672,20,20,"[168, 118, 62, 66]"
735,693,20,20,"[168, 118, 62, 66]"
735,714,20,20,"[168, 118, 62, 66]"
735,735,20,20,"[168, 118, 62, 66]"
735,756,20,20,"[168, 118, 62, 66]"
735,777,20,20,"[143, 219, 70, 86]"
735,798,20,20,"[143, 219, 70, 86]"
735,819,20,20,"[73, 109, 250, 98]"
735,840,20,20,"[73, 109, 250, 98]"
735,861,20,20,"[73, 109, 250, 98]"
756,0,20,20,"[143, 219, 70, 86]"
756,21,20,20,"[143, 219, 70, 86]"
756,42,20,20,"[73, 109, 250, 98]"
756,63,20,20,"[73, 109, 250, 98]"
756,84,20,20,"[143, 219, 70, 86]"
756,105,20,20,"[73, 109, 250, 98]"
756,126,20,20,"[168, 118, 62, 66]"
756,147,20,20,"[143, 219, 70, 86]"
756,168,20,20,"[73, 109, 250, 98]"
756,189,20,20,"[143, 219, 70, 86]"
756,210,20,20,"[168, 118, 62, 66]"
756,231,20,20,"[168, 118, 62, 66]"
756,252,20,20,"[143, 219, 70, 86]"
756,273,20,20,"[168, 118, 62, 66]"
756,294,20,20,"[168, 118, 62, 66]"
756,315,20,20,"[143, 219, 70, 86]"
756,336,20,20,"[168, 118, 62, 66]"
756,357,20,20,"[168, 118, 62, 66]"
756,378,20,20,"[168, 118, 62, 66]"
756,399,20,20,"[168, 118, 62, 66]"
756,420,20,20,"[168, 118, 62, 66]"
756,441,20,20,"[143, 219, 70, 86]"
756,462,20,20,"[168, 118, 62, 66]"
756,483,20,20,"[143, 219, 70, 86]"
756,504,20,20,"[143, 219, 70, 86]"
756,525,20,20,"[73, 109, 250, 98]"
756,546,20,20,"[143, 219, 70, 86]"
756,567,20,20,"[73, 109, 250, 98]"
756,588,20,20,"[168, 118, 62, 66]"
756,609,20,20,"[168, 118, 62, 66]"
756,630,20,20,"[168, 118, 62, 66]"
756,651,20,20,"[143, 219, 70, 86]"
756,672,20,20,"[73, 109, 250, 98]"
756,693,20,20,"[143, 219, 70, 86]"
756,714,20,20,"[143, 219, 70, 86]"
756,735,20,20,"[73, 109, 250, 98]"
756,756,20,20,"[143, 219, 70, 86]"
756,777,20,20,"[168, 118, 62, 66]"
756,798,20,20,"[73, 109, 250, 98]"
756,819,20,20,"[73, 109, 250, 98]"
756,840,20,20,"[168, 118, 62, 66]"
756,861,20,20,"[143, 219, 70, 86]"
777,0,20,20,"[143, 219, 70, 86]"
777,21,20,20,"[73, 109, 250, 98]"
777,42,20,20,"[143, 219, 70, 86]"
777,63,20,20,"[143, 219, 70, 86]"
777,84,20,20,"[73, 109, 250, 98]"
777,105,20,20,"[143, 219, 70, 86]"
777,126,20,20,"[143, 219, 70, 86]"
777,147,20,20,"[168, 118, 62, 66]"
777,168,20,20,"[73, 109, 250, 98]"
777,189,20,20,"[73, 109, 250, 98]"
777,210,20,20,"[168, 118, 62, 66]"
777,231,20,20,"[73, 109, 250, 98]"
777,252,20,20,"[143, 219, 70, 86]"
777,273,20,20,"[73, 109, 250, 98]"
777,294,20,20,"[73, 109, 250, 98]"
777,315,20,20,"[143, 219, 70, 86]"
777,336,20,20,"[73, 109, 250, 98]"
777,357,20,20,"[73, 109, 250, 98]"
777,378,20,20,"[73, 109, 250, 98]"
777,399,20,20,"[143, 219, 70, 86]"
777,420,20,20,"[73, 109, 250, 98]"
777,441,20,20,"[168, 118, 62, 66]"
777,462,20,20,"[168, 118, 62, 66]"
777,483,20,20,"[168, 118, 62, 66]"
777,504,20,20,"[73, 109, 250, 98]"
777,525,20,20,"[73, 109, 250, 98]"
777,546,20,20,"[143, 219, 70, 86]"
777,567,20,20,"[73, 109, 250, 98]"
777,588,20,20,"[143, 219, 70, 86]"
777,609,20,20,"[143, 219, 70, 86]"
777,630,20,20,"[168, 118, 62, 66]"
777,651,20,20,"[73, 109, 250, 98]"
777,672,20,20,"[73, 109, 250, 98]"
777,693,20,20,"[143, 219, 70, 86]"
777,714,20,20,"[73, 109, 250, 98]"
777,735,20,20,"[143, 219, 70, 86]"
777,756,20,20,"[143, 219, 70, 86]"
777,777,20,20,"[168, 118, 62, 66]"
777,798,20,20,"[73, 109, 250, 98]"
777,819,20,20,"[168, 118, 62, 66]"
777,840,20,20,"[168, 118, 62, 66]"
777,861,20,20,"[143, 219, 70, 86]"
798,0,20,20,"[73, 109, 250, 98]"
798,21,20,20,"[143, 219, 70, 86]"
798,42,20,20,"[73, 109, 250, 98]"
798,63,20,20,"[73, 109, 250, 98]"
798,84,20,20,"[143, 219, 70, 86]"
798,105,20,20,"[143, 219, 70, 86]"
798,126,20,20,"[168, 118, 62, 66]"
798,147,20,20,"[73, 109, 250, 98]"
798,168,20,20,"[143, 219, 70, 86]"
798,189,20,20,"[143, 219, 70, 86]"
798,210,20,20,"[73, 109, 250, 98]"
798,231,20,20,"[73, 109, 250, 98]"
798,252,20,20,"[73, 109, 250, 98]"
798,273,20,20,"[73, 109, 250, 98]"
798,294,20,20,"[143, 219, 70, 86]"
798,315,20,20,"[73, 109, 250, 98]"
798,336,20,20,"[143, 219, 70, 86]"
798,357,20,20,"[143, 219, 70, 86]"
798,378,20,20,"[168, 118, 62, 66]"
798,399,20,20,"[73, 109, 250, 98]"
798,420,20,20,"[143, 219, 70, 86]"
798,441,20,20,"[73, 109, 250, 98]"
798,462,20,20,"[73, 109, 250, 98]"
798,483,20,20,"[168, 118, 62, 66]"
798,504,20,20,"[73, 109, 250, 98]"
798,525,20,20,"[168, 118, 62, 66]"
798,546,20,20,"[73, 109, 250, 98]"
798,567,20,20,"[143, 219, 70, 86]"
798,588,20,20,"[168, 118, 62, 66]"
798,609,20,20,"[143, 219, 70, 86]"
798,630,20,20,"[143, 219, 70, 86]"
798,651,20,20,"[143, 219, 70, 86]"
798,672,20,20,"[73, 109, 250, 98]"
798,693,20,20,"[143, 219, 70, 86]"
798,714,20,20,"[73, 109, 250, 98]"
798,735,20,20,"[73, 109, 250, 98]"
798,756,20,20,"[168, 118, 62, 66]"
798,777,20,20,"[73, 109, 250, 98]"
798,798,20,20,"[168, 118, 62, 66]"
798,819,20,20,"[168, 118, 62, 66]"
798,840,20,20,"[143, 219, 70, 86]"
798,861,20,20,"[143, 219, 70, 86]"
819,0,20,20,"[143, 219, 70, 86]"
819,21,20,20,"[73, 109, 250, 98]"
819,42,20,20,"[73, 109, 250, 98]"
819,63,20,20,"[73, 109, 250, 98]"
819,84,20,20,"[73, 109, 250, 98]"
819,105,20,20,"[73, 109, 250, 98]"
819,126,20,20,"[73, 109, 250, 98]"
819,147,20,20,"[143, 219, 70, 86]"
819,168,20,20,"[143, 219, 70, 86]"
819,189,20,20,"[143, 219, 70, 86]"
819,210,20,20,"[73, 109, 250, 98]"
819,231,20,20,"[73, 109, 250, 98]"
819,252,20,20,"[143, 219, 70, 86]"
819,273,20,20,"[168, 118, 62, 66]"
819,294,20,20,"[73, 109, 250, 98]"
819,315,20,20,"[73, 109, 250, 98]"
819,336,20,20,"[168, 118, 62, 66]"
819,357,20,20,"[73, 109, 250, 98]"
819,378,20,20,"[73, 109, 250, 98]"
819,399,20,20,"[168, 118, 62, 66]"
819,420,20,20,"[168, 118, 62, 66]"
819,441,20,20,"[143, 219, 70, 86]"
819,462,20,20,"[143, 219, 70, 86]"
819,483,20,20,"[168, 118, 62, 66]"
819,504,20,20,"[168, 118, 62, 66]"
819,525,20,20,"[143, 219, 70, 86]"
819,546,20,20,"[168, 118, 62, 66]"
819,567,20,20,"[143, 219, 70, 86]"
819,588,20,20,"[168, 118, 62, 66]"
819,609,20,20,"[73, 109, 250, 98]"
819,630,20,20,"[143, 219, 70, 86]"
819,651,20,20,"[168, 118, 62, 66]"
819,672,20,20,"[73, 109, 250, 98]"
819,693,20,20,"[143, 219, 70, 86]"
819,714,20,20,"[168, 118, 62, 66]"
819,735,20,20,"[73, 109, 250, 98]"
819,756,20,20,"[168, 118, 62, 66]"
819,777,20,20,"[143, 219, 70, 86]"
819,798,20,20,"[143, 219, 70, 86]"
819,819,20,20,"[168, 118, 62, 66]"
819,840,20,20,"[73, 109, 250, 98]"
819,861,20,20,"[168, 118, 62, 66]"
840,0,20,20,"[73, 109, 250, 98]"
840,21,20,20,"[73, 109, 250, 98]"
840,42,20,20,"[168, 118, 62, 66]"
840,63,20,20,"[168, 118, 62, 66]"
840,84,20,20,"[73, 109, 250, 98]"
840,105,20,20,"[168, 118, 62, 66]"
840,126,20,20,"[73, 109, 250, 98]"
840,147,20,20,"[168, 118, 62, 66]"
840,168,20,20,"[73, 109, 250, 98]"
840,189,20,20,"[73, 109, 250, 98]"
840,210,20,20,"[143, 219, 70, 86]"
840,231,20,20,"[168, 118, 62, 66]"
840,252,20,20,"[168, 118, 62, 66]"
840,273,20,20,"[143, 219, 70, 86]"
840,294,20,20,"[73, 109, 250, 98]"
840,315,20,20,"[73, 109, 250, 98]"
840,336,20,20,"[143, 219, 70, 86]"
840,357,20,20,"[168, 118, 62, 66]"
840,378,20,20,"[73, 109, 250, 98]"
840,399,20,20,"[143, 219, 70, 86]"
840,420,20,20,"[143, 219, 70, 86]"
840,441,20,20,"[73, 109, 250, 98]"
840,462,20,20,"[168, 118, 62, 66]"
840,483,20,20,"[73, 109, 250, 98]"
840,504,20,20,"[168, 118, 62, 66]"
840,525,20,20,"[168, 118, 62, 66]"
840,546,20,20,"[143, 219, 70, 86]"
840,567,20,20,"[73, 109, 250, 98]"
840,588,20,20,"[168, 118, 62, 66]"
840,609,20,20,"[73, 109, 250, 98]"
840,630,20,20,"[168, 118, 62, 66]"
840,651,20,20,"[143, 219, 70, 86]"
840,672,20,20,"[143, 219, 70, 86]"
840,693,20,20,"[143, 219, 70, 86]"
840,714,20,20,"[168, 118, 62, 66]"
840,735,20,20,"[143, 219, 70, 86]"
840,756,20,20,"[168, 118, 62, 66]"
840,777,20,20,"[73, 109, 250, 98]"
840,798,20,20,"[143, 219, 70, 86]"
840,819,20,20,"[168, 118, 62, 66]"
840,840,20,20,"[73, 109, 250, 98]"
840,861,20,20,"[143, 219, 70, 86]"
861,0,20,20,"[143, 219, 70, 86]"
861,21,20,20,"[168, 118, 62, 66]"
861,42,20,20,"[73, 109, 250, 98]"
861,63,20,20,"[73, 109, 250, 98]"
861,84,20,20,"[168, 118, 62, 66]"
861,105,20,20,"[168, 118, 62, 66]"
861,126,20,20,"[143, 219, 70, 86]"
861,147,20,20,"[143, 219, 70, 86]"
861,168,20,20,"[73, 109, 250, 98]"
861,189,20,20,"[143, 219, 70, 86]"
861,210,20,20,"[168, 118, 62, 66]"
861,231,20,20,"[168, 118, 62, 66]"
861,252,20,20,"[168, 118, 62, 66]"
861,273,20,20,"[73, 109, 250, 98]"
861,294,20,20,"[73, 109, 250, 98]"
861,315,20,20,"[168, 118, 62, 66]"
861,336,20,20,"[143, 219, 70, 86]"
861,357,20,20,"[73, 109, 250, 98]"
861,378,20,20,"[73, 109, 250, 98]"
861,399,20,20,"[168, 118, 62, 66]"
861,420,20,20,"[168, 118, 62, 66]"
861,441,20,20,"[168, 118, 62, 66]"
861,462,20,20,"[73, 109, 250, 98]"
861,483,20,20,"[143, 219, 70, 86]"
861,504,20,20,"[168, 118, 62, 66]"
861,525,20,20,"[73, 109, 250, 98]"
861,546,20,20,"[168, 118, 62, 66]"
861,567,20,20,"[73, 109, 250, 98]"
861,588,20,20,"[143, 219, 70, 86]"
861,609,20,20,"[143, 219, 70, 86]"
861,630,20,20,"[168, 118, 62, 66]"
861,651,20,20,"[73, 109, 250, 98]"
861,672,20,20,"[73, 109, 250, 98]"
861,693,20,20,"[143, 219, 70, 86]"
861,714,20,20,"[73, 109, 250, 98]"
861,735,20,20,"[168, 118, 62, 66]"
861,756,20,20,"[143, 219, 70, 86]"
861,777,20,20,"[143, 219, 70, 86]"
861,798,20,20,"[143, 219, 70, 86]"
861,819,20,20,"[168, 118, 62, 66]"
861,840,20,20,"[73, 109, 250, 98]"
861,861,20,20,"[143, 219, 70, 86]"
